{
  "name": [
    "mnist"
  ],
  "dataset_img_shape": [
    28,
    28,
    1
  ],
  "model_img_shape": [
    32,
    32,
    3
  ],
  "total_count": 70000,
  "train_count": 60000,
  "val_count": 0,
  "test_count": 10000,
  "num_classes": 10,
  "class_weights": {
    "0": 1.0130001688333614,
    "1": 0.8899436369029962,
    "2": 1.0070493454179255,
    "3": 0.978633175664655,
    "4": 1.0270455323519343,
    "5": 1.1068068622025458,
    "6": 1.013856032443393,
    "7": 0.9577015163607342,
    "8": 1.025465732353444,
    "9": 1.0085728693898135
  },
  "class_counts": {
    "0": 5923,
    "1": 6742,
    "2": 5958,
    "3": 6131,
    "4": 5842,
    "5": 5421,
    "6": 5918,
    "7": 6265,
    "8": 5851,
    "9": 5949
  },
  "avg_byte_count": [
    784.0
  ],
  "avg_entropy": [
    1.602539548123951
  ],
  "avg_png_size": [
    273.565
  ],
  "avg_png_ratio": [
    0.3489349489795918
  ],
  "avg_jpeg_size": [
    403.86421666666666
  ],
  "avg_jpeg_ratio": [
    0.5151329294217687
  ],
  "class_avg_entropy": [
    {
      "4": 1.546639882796166,
      "1": 0.9468982794611449,
      "0": 1.9199650939897983,
      "7": 1.423186519547708,
      "8": 1.864536564358624,
      "2": 1.764052755587311,
      "6": 1.6791575341418994,
      "3": 1.7424570659750571,
      "9": 1.5764300181359803,
      "5": 1.6651221551484132
    }
  ],
  "class_avg_png_size": [
    {
      "4": 275.2107155083875,
      "1": 193.54271729457133,
      "0": 311.0096235016039,
      "7": 253.91157222665603,
      "8": 304.31584344556484,
      "2": 288.919268210809,
      "6": 280.4819195674214,
      "3": 288.69825477083674,
      "9": 273.3755252983695,
      "5": 278.5912193322265
    }
  ],
  "class_avg_png_ratio": [
    {
      "4": 0.35103407590355556,
      "1": 0.24686571083491238,
      "0": 0.39669594834388255,
      "7": 0.32386680130951023,
      "8": 0.38815796357852667,
      "2": 0.3685194747586849,
      "6": 0.35775755046864977,
      "3": 0.3682375698607611,
      "9": 0.34869327206424683,
      "5": 0.35534594302579914
    }
  ],
  "class_avg_jpeg_size": [
    {
      "4": 412.5474152687436,
      "1": 326.7080984870958,
      "0": 434.80584163430694,
      "7": 400.88347964884275,
      "8": 418.9494103572039,
      "2": 415.62638469284997,
      "6": 392.2734031767489,
      "3": 422.92219866253464,
      "9": 409.86535552193646,
      "5": 415.4069359896698
    }
  ],
  "class_avg_jpeg_ratio": [
    {
      "4": 0.5262084378427851,
      "1": 0.4167195133763977,
      "0": 0.5545992877988609,
      "7": 0.5113309689398505,
      "8": 0.5343742479045968,
      "2": 0.5301356947612882,
      "6": 0.5003487285417715,
      "3": 0.5394415799267024,
      "9": 0.522787443267776,
      "5": 0.5298557857011095
    }
  ],
  "class_imbalance": 0.9993807306860915,
  "avg_fractal_dim": 2.5890919764071536,
  "class_avg_fractal_dim": {
    "4": 2.605662809550843,
    "1": 2.4328217821654636,
    "0": 2.5345319971959643,
    "7": 2.5698532319491707,
    "8": 2.6286715553630264,
    "2": 2.6110014066287746,
    "6": 2.620619223427443,
    "3": 2.6494231591774917,
    "9": 2.624494553299195,
    "5": 2.639130930872415
  },
  "avg_piqe": 41.12338888888889,
  "class_avg_piqe": {
    "4": 37.324831678648856,
    "1": 87.02041926233561,
    "0": 27.63802127300354,
    "7": 42.60281989890928,
    "8": 28.93522474790634,
    "2": 36.0252321808213,
    "6": 39.47392136983214,
    "3": 34.48431468493448,
    "9": 37.97304869165686,
    "5": 32.68462153354239
  }
}