{
  "name": [
    "mnist_c5000"
  ],
  "dataset_img_shape": [
    28,
    28,
    1
  ],
  "model_img_shape": [
    32,
    32,
    3
  ],
  "total_count": 60000,
  "train_count": 50000,
  "val_count": 0,
  "test_count": 10000,
  "num_classes": 10,
  "class_weights": {
    "0": 1.0,
    "1": 1.0,
    "2": 1.0,
    "3": 1.0,
    "4": 1.0,
    "5": 1.0,
    "6": 1.0,
    "7": 1.0,
    "8": 1.0,
    "9": 1.0
  },
  "class_counts": {
    "0": 5000,
    "1": 5000,
    "2": 5000,
    "3": 5000,
    "4": 5000,
    "5": 5000,
    "6": 5000,
    "7": 5000,
    "8": 5000,
    "9": 5000
  },
  "avg_byte_count": [
    784.0
  ],
  "avg_entropy": [
    1.6136258864669022
  ],
  "avg_png_size": [
    274.89914
  ],
  "avg_png_ratio": [
    0.3506366581632652
  ],
  "avg_jpeg_size": [
    404.99854
  ],
  "avg_jpeg_ratio": [
    0.5165797704081632
  ],
  "class_avg_entropy": [
    {
      "4": 1.5482424598774014,
      "1": 0.9444005924126008,
      "8": 1.8656051221000303,
      "9": 1.5791664105412382,
      "7": 1.4277371867999264,
      "5": 1.6640439377009975,
      "3": 1.7434244208318967,
      "2": 1.7625310606574662,
      "6": 1.6808602427510304,
      "0": 1.920247430996433
    }
  ],
  "class_avg_png_size": [
    {
      "4": 275.4772,
      "1": 193.1752,
      "8": 304.443,
      "9": 273.793,
      "7": 254.484,
      "5": 278.453,
      "3": 288.7644,
      "2": 288.7052,
      "6": 280.6802,
      "0": 311.0162
    }
  ],
  "class_avg_png_ratio": [
    {
      "4": 0.35137397959183675,
      "1": 0.24639693877551017,
      "8": 0.38832015306122447,
      "9": 0.3492257653061225,
      "7": 0.32459693877551016,
      "5": 0.35516964285714286,
      "3": 0.36832193877551017,
      "2": 0.36824642857142853,
      "6": 0.35801045918367347,
      "0": 0.39670433673469385
    }
  ],
  "class_avg_jpeg_size": [
    {
      "4": 412.7944,
      "1": 326.5826,
      "8": 418.9844,
      "9": 409.9236,
      "7": 400.7594,
      "5": 415.2036,
      "3": 422.9146,
      "2": 415.58,
      "6": 392.4158,
      "0": 434.827
    }
  ],
  "class_avg_jpeg_ratio": [
    {
      "4": 0.5265234693877551,
      "1": 0.41655943877551016,
      "8": 0.5344188775510204,
      "9": 0.5228617346938775,
      "7": 0.5111727040816326,
      "5": 0.5295964285714286,
      "3": 0.5394318877551021,
      "2": 0.5300765306122449,
      "6": 0.5005303571428571,
      "0": 0.554626275510204
    }
  ],
  "class_imbalance": 0.9999999999999998,
  "avg_fractal_dim": 2.5919292229307835,
  "class_avg_fractal_dim": {
    "4": 2.6059726035448256,
    "1": 2.433661723689365,
    "8": 2.628903096604615,
    "9": 2.6248373928686655,
    "7": 2.570307376920819,
    "5": 2.6386654815429202,
    "3": 2.650458442000021,
    "2": 2.610638720379206,
    "6": 2.621315040653416,
    "0": 2.534532351103981
  }
}