{
  "name": [
    "cifar10"
  ],
  "dataset_img_shape": [
    32,
    32,
    3
  ],
  "model_img_shape": [
    32,
    32,
    3
  ],
  "total_count": 60000,
  "train_count": 50000,
  "val_count": 0,
  "test_count": 10000,
  "num_classes": 10,
  "class_weights": {
    "0": 1.0,
    "1": 1.0,
    "2": 1.0,
    "3": 1.0,
    "4": 1.0,
    "5": 1.0,
    "6": 1.0,
    "7": 1.0,
    "8": 1.0,
    "9": 1.0
  },
  "class_counts": {
    "0": 5000,
    "1": 5000,
    "2": 5000,
    "3": 5000,
    "4": 5000,
    "5": 5000,
    "6": 5000,
    "7": 5000,
    "8": 5000,
    "9": 5000
  },
  "avg_byte_count": [
    3072.0
  ],
  "avg_entropy": [
    8.536285144220203
  ],
  "avg_png_size": [
    2252.50854
  ],
  "avg_png_ratio": [
    0.7332384570312499
  ],
  "avg_jpeg_size": [
    602.95208
  ],
  "avg_jpeg_ratio": [
    0.19627346354166664
  ],
  "class_avg_entropy": [
    {
      "7": 8.672549781146992,
      "8": 8.555267302863836,
      "4": 8.418812057493362,
      "6": 8.484785240263404,
      "5": 8.692903422435368,
      "2": 8.21550103038635,
      "9": 8.832841433969701,
      "3": 8.628608194626702,
      "0": 8.080722992004658,
      "1": 8.780859987011656
    }
  ],
  "class_avg_png_size": [
    {
      "7": 2342.217,
      "8": 2096.0952,
      "4": 2271.8942,
      "6": 2411.9564,
      "5": 2300.741,
      "2": 2160.46,
      "9": 2337.2848,
      "3": 2263.4252,
      "0": 1989.974,
      "1": 2351.0376
    }
  ],
  "class_avg_png_ratio": [
    {
      "7": 0.7624404296875,
      "8": 0.68232265625,
      "4": 0.7395488932291666,
      "6": 0.7851420572916666,
      "5": 0.7489391276041666,
      "2": 0.7032747395833333,
      "9": 0.7608348958333333,
      "3": 0.7367920572916667,
      "0": 0.6477779947916666,
      "1": 0.76531171875
    }
  ],
  "class_avg_jpeg_size": [
    {
      "7": 624.1642,
      "8": 571.0346,
      "4": 588.7496,
      "6": 622.7734,
      "5": 605.1234,
      "2": 575.461,
      "9": 638.4304,
      "3": 600.383,
      "0": 565.8232,
      "1": 637.578
    }
  ],
  "class_avg_jpeg_ratio": [
    {
      "7": 0.20317845052083336,
      "8": 0.18588365885416666,
      "4": 0.19165026041666666,
      "6": 0.20272571614583335,
      "5": 0.1969802734375,
      "2": 0.18732454427083334,
      "9": 0.20782239583333334,
      "3": 0.19543717447916667,
      "0": 0.18418723958333336,
      "1": 0.207544921875
    }
  ],
  "class_imbalance": 0.9999999999999998,
  "avg_fractal_dim": 2.3626151590924978,
  "class_avg_fractal_dim": {
    "7": 2.389437298993461,
    "8": 2.329049167612242,
    "4": 2.3508412591164127,
    "6": 2.388878322460175,
    "5": 2.354647352258427,
    "2": 2.3287457263459492,
    "9": 2.394295211396095,
    "3": 2.3392594552437536,
    "0": 2.346623070800917,
    "1": 2.4043747266975455
  }
}