{
  "name": [
    "fmnist_c5000"
  ],
  "dataset_img_shape": [
    28,
    28,
    1
  ],
  "model_img_shape": [
    32,
    32,
    3
  ],
  "total_count": 60000,
  "train_count": 50000,
  "val_count": 0,
  "test_count": 10000,
  "num_classes": 10,
  "class_weights": {
    "0": 1.0,
    "1": 1.0,
    "2": 1.0,
    "3": 1.0,
    "4": 1.0,
    "5": 1.0,
    "6": 1.0,
    "7": 1.0,
    "8": 1.0,
    "9": 1.0
  },
  "class_counts": {
    "0": 5000,
    "1": 5000,
    "2": 5000,
    "3": 5000,
    "4": 5000,
    "5": 5000,
    "6": 5000,
    "7": 5000,
    "8": 5000,
    "9": 5000
  },
  "avg_byte_count": [
    784.0
  ],
  "avg_entropy": [
    4.117684618967307
  ],
  "avg_png_size": [
    506.46826
  ],
  "avg_png_ratio": [
    0.6460054336734694
  ],
  "avg_jpeg_size": [
    449.1959
  ],
  "avg_jpeg_ratio": [
    0.5729539540816326
  ],
  "class_avg_entropy": [
    {
      "2": 4.995526866561864,
      "8": 4.757352810850485,
      "9": 4.196070347494668,
      "7": 3.1458891056390224,
      "1": 3.150434282254165,
      "0": 4.589539468736402,
      "3": 3.6395515551318165,
      "6": 4.887417822296827,
      "4": 4.862970380462123,
      "5": 2.95209355024571
    }
  ],
  "class_avg_png_size": [
    {
      "2": 578.0436,
      "8": 552.7724,
      "9": 517.3758,
      "7": 396.8194,
      "1": 396.7114,
      "0": 559.7914,
      "3": 465.1888,
      "6": 592.6184,
      "4": 578.0206,
      "5": 427.3408
    }
  ],
  "class_avg_png_ratio": [
    {
      "2": 0.7373005102040816,
      "8": 0.7050668367346938,
      "9": 0.6599181122448979,
      "7": 0.506147193877551,
      "1": 0.5060094387755102,
      "0": 0.7140196428571428,
      "3": 0.5933530612244898,
      "6": 0.7558908163265307,
      "4": 0.7372711734693878,
      "5": 0.5450775510204081
    }
  ],
  "class_avg_jpeg_size": [
    {
      "2": 479.656,
      "8": 482.3982,
      "9": 472.903,
      "7": 398.0052,
      "1": 377.2438,
      "0": 462.8842,
      "3": 421.5896,
      "6": 481.4244,
      "4": 477.7418,
      "5": 438.1128
    }
  ],
  "class_avg_jpeg_ratio": [
    {
      "2": 0.6118061224489797,
      "8": 0.6153038265306122,
      "9": 0.6031926020408163,
      "7": 0.5076596938775509,
      "1": 0.4811783163265307,
      "0": 0.5904135204081633,
      "3": 0.5377418367346939,
      "6": 0.6140617346938776,
      "4": 0.6093645408163265,
      "5": 0.5588173469387755
    }
  ],
  "class_imbalance": 0.9999999999999998,
  "avg_fractal_dim": 2.4787714602380695,
  "class_avg_fractal_dim": {
    "2": 2.498361753624743,
    "8": 2.4660815340974094,
    "9": 2.4183392908645396,
    "7": 2.4301209308618885,
    "1": 2.6180409562025213,
    "0": 2.441775111206171,
    "3": 2.5002459992501436,
    "6": 2.4720706693034735,
    "4": 2.4380232979103966,
    "5": 2.504655059059405
  }
}