{
  "name": [
    "fmnist"
  ],
  "dataset_img_shape": [
    28,
    28,
    1
  ],
  "model_img_shape": [
    32,
    32,
    3
  ],
  "total_count": 70000,
  "train_count": 60000,
  "val_count": 0,
  "test_count": 10000,
  "num_classes": 10,
  "class_weights": {
    "0": 1.0,
    "1": 1.0,
    "2": 1.0,
    "3": 1.0,
    "4": 1.0,
    "5": 1.0,
    "6": 1.0,
    "7": 1.0,
    "8": 1.0,
    "9": 1.0
  },
  "class_counts": {
    "0": 6000,
    "1": 6000,
    "2": 6000,
    "3": 6000,
    "4": 6000,
    "5": 6000,
    "6": 6000,
    "7": 6000,
    "8": 6000,
    "9": 6000
  },
  "avg_byte_count": [
    784.0
  ],
  "avg_entropy": [
    4.1164571717605725
  ],
  "avg_png_size": [
    506.31506666666667
  ],
  "avg_png_ratio": [
    0.6458100340136054
  ],
  "avg_jpeg_size": [
    449.0023
  ],
  "avg_jpeg_ratio": [
    0.5727070153061226
  ],
  "class_avg_entropy": [
    {
      "2": 4.995100710101265,
      "1": 3.1490335773818185,
      "8": 4.7588074280469765,
      "4": 4.865176632453654,
      "9": 4.1916762267024446,
      "0": 4.5924829176704804,
      "6": 4.885816184603924,
      "7": 3.1487907530876127,
      "5": 2.943095472323063,
      "3": 3.634591815234489
    }
  ],
  "class_avg_png_size": [
    {
      "2": 577.8353333333333,
      "1": 396.677,
      "8": 552.8728333333333,
      "4": 578.3843333333333,
      "9": 517.14,
      "0": 560.2226666666667,
      "6": 592.3701666666667,
      "7": 397.1345,
      "5": 426.04816666666665,
      "3": 464.46566666666666
    }
  ],
  "class_avg_png_ratio": [
    {
      "2": 0.7370348639455782,
      "1": 0.5059655612244898,
      "8": 0.7051949404761905,
      "4": 0.737735119047619,
      "9": 0.6596173469387755,
      "0": 0.7145697278911565,
      "6": 0.7555741921768707,
      "7": 0.5065491071428572,
      "5": 0.5434287840136055,
      "3": 0.5924306972789116
    }
  ],
  "class_avg_jpeg_size": [
    {
      "2": 479.2758333333333,
      "1": 377.1685,
      "8": 482.24283333333335,
      "4": 477.7361666666667,
      "9": 472.9275,
      "0": 462.918,
      "6": 481.24083333333334,
      "7": 398.02233333333334,
      "5": 437.31216666666666,
      "3": 421.17883333333333
    }
  ],
  "class_avg_jpeg_ratio": [
    {
      "2": 0.6113212159863946,
      "1": 0.4810822704081633,
      "8": 0.6151056547619047,
      "4": 0.6093573554421768,
      "9": 0.6032238520408164,
      "0": 0.5904566326530613,
      "6": 0.6138275935374149,
      "7": 0.5076815476190476,
      "5": 0.557796130952381,
      "3": 0.5372178996598639
    }
  ],
  "class_imbalance": 0.9999999999999998,
  "avg_fractal_dim": 2.4788810456108736,
  "class_avg_fractal_dim": {
    "2": 2.49882269718246,
    "1": 2.6189080772461413,
    "8": 2.4638542188824366,
    "4": 2.4385445899457534,
    "9": 2.4193450203638296,
    "0": 2.441982712348026,
    "6": 2.473015506313126,
    "7": 2.4305633569634617,
    "5": 2.503554209005963,
    "3": 2.500220067857541
  }
}