{
  "name": [
    "cifar10_gray"
  ],
  "dataset_img_shape": [
    32,
    32,
    1
  ],
  "model_img_shape": [
    32,
    32,
    3
  ],
  "total_count": 60000,
  "train_count": 50000,
  "val_count": 0,
  "test_count": 10000,
  "num_classes": 10,
  "class_weights": {
    "0": 1.0,
    "1": 1.0,
    "2": 1.0,
    "3": 1.0,
    "4": 1.0,
    "5": 1.0,
    "6": 1.0,
    "7": 1.0,
    "8": 1.0,
    "9": 1.0
  },
  "class_counts": {
    "0": 5000,
    "1": 5000,
    "2": 5000,
    "3": 5000,
    "4": 5000,
    "5": 5000,
    "6": 5000,
    "7": 5000,
    "8": 5000,
    "9": 5000
  },
  "avg_byte_count": [
    1024.0
  ],
  "avg_entropy": [
    6.9510862387524055
  ],
  "avg_png_size": [
    836.75584
  ],
  "avg_png_ratio": [
    0.817144375
  ],
  "avg_jpeg_size": [
    441.90076
  ],
  "avg_jpeg_ratio": [
    0.4315437109375
  ],
  "class_avg_entropy": [
    {
      "7": 7.09921689726174,
      "8": 6.953835243248334,
      "4": 6.8508418131163795,
      "6": 6.922437166751164,
      "5": 7.111450245965779,
      "2": 6.614151805125706,
      "9": 7.238864719843667,
      "3": 7.047841928629481,
      "0": 6.48752290402199,
      "1": 7.184699663559816
    }
  ],
  "class_avg_png_size": [
    {
      "7": 866.8756,
      "8": 783.2164,
      "4": 837.5678,
      "6": 890.2398,
      "5": 850.682,
      "2": 802.842,
      "9": 866.6934,
      "3": 841.8042,
      "0": 755.1216,
      "1": 872.5156
    }
  ],
  "class_avg_png_ratio": [
    {
      "7": 0.846558203125,
      "8": 0.764859765625,
      "4": 0.8179373046875,
      "6": 0.8693748046875,
      "5": 0.830744140625,
      "2": 0.784025390625,
      "9": 0.8463802734375,
      "3": 0.8220744140625,
      "0": 0.7374234375,
      "1": 0.852066015625
    }
  ],
  "class_avg_jpeg_size": [
    {
      "7": 462.1838,
      "8": 412.4138,
      "4": 428.5562,
      "6": 461.1358,
      "5": 443.7702,
      "2": 414.9592,
      "9": 473.6982,
      "3": 441.5942,
      "0": 407.3388,
      "1": 473.3574
    }
  ],
  "class_avg_jpeg_ratio": [
    {
      "7": 0.4513513671875,
      "8": 0.4027478515625,
      "4": 0.4185119140625,
      "6": 0.4503279296875,
      "5": 0.4333693359375,
      "2": 0.40523359375,
      "9": 0.4625958984375,
      "3": 0.4312443359375,
      "0": 0.397791796875,
      "1": 0.4622630859375
    }
  ],
  "class_imbalance": 0.9999999999999998,
  "avg_fractal_dim": 2.3621225569460647,
  "class_avg_fractal_dim": {
    "7": 2.3882114889801604,
    "8": 2.328275548589385,
    "4": 2.3501888961140582,
    "6": 2.386743970908835,
    "5": 2.355316017542275,
    "2": 2.330653800116462,
    "9": 2.3947139291465054,
    "3": 2.339000971229631,
    "0": 2.343621360655781,
    "1": 2.4044995861775518
  }
}