,dataset_img_shape,model_img_shape,total_count,train_count,val_count,test_count,num_classes,avg_byte_count,avg_entropy,avg_png_size,avg_png_ratio,avg_jpeg_size,avg_jpeg_ratio,class_imbalance,avg_fractal_dim
cifar10,32/32/3,32/32/3,60000,50000,0,10000,10,3072.0,8.536285144220203,2252.50854,0.7332384570312499,602.95208,0.19627346354166664,0.9999999999999998,2.3626151590924978
cifar10_gray,32/32/1,32/32/3,60000,50000,0,10000,10,1024.0,6.9510862387524055,836.75584,0.817144375,441.90076,0.4315437109375,0.9999999999999998,2.3621225569460647
fmnist,28/28/1,32/32/3,70000,60000,0,10000,10,784.0,4.1164571717605725,506.31506666666667,0.6458100340136054,449.0023,0.5727070153061226,0.9999999999999998,2.4788810456108736
fmnist_c5000,28/28/1,32/32/3,60000,50000,0,10000,10,784.0,4.117684618967307,506.46826,0.6460054336734694,449.1959,0.5729539540816326,0.9999999999999998,2.4787714602380695
mnist,28/28/1,32/32/3,70000,60000,0,10000,10,784.0,1.602539548123951,273.565,0.3489349489795918,403.86421666666666,0.5151329294217687,0.9993807306860915,2.5890919764071536
mnist_c5000,28/28/1,32/32/3,60000,50000,0,10000,10,784.0,1.6136258864669022,274.89914,0.3506366581632652,404.99854,0.5165797704081632,0.9999999999999998,2.5919292229307835
